Source,Guest Name,Review Date,Server Name,Overall Rating,Food,Service,Atmosphere,Review Comments,Restaurant Reply
Google,Calum Cleary,2026-07-31,,5,5,5,5,"Great service, good wine selection and the food was excellent","Hello Calum, thank you for your wonderful review! We're delighted to hear you enjoyed the excellent food, our wine selection, and the great service you received during your visit. Thank you for your kind words and support. We look forward to welcoming you back to Il Terrazzo again soon.
- Il Terrazzo Guest Relations Manager"
Google,L L,2026-07-31,,5,5,5,5,,"Hello LL, thank you for your 5-star review! We're delighted to know you had such a wonderful experience at Il Terrazzo. Your support means a great deal to our entire team. We look forward to welcoming you back again soon.
- Il Terrazzo Guest Relations Manager"
Google,Bronte McKenzie,2026-07-31,,5,5,5,5,"THE BEST experience/ meal we have had in years. My husband booked this spot for my birthday and the atmosphere was exquisite, and the food exceptional. We dine out quite often, all around the world and will say the service (from the hostesses to our server) was outstanding. Our server was so attentive and friendly and recommended a fantastic bottle of Pinot noir and they made sure to bring a little candle on our dessert. We felt very taken care of and will definitely be back next time we are in town.","Hello Bronte, thank you for your wonderful review! Happy Birthday! We're honoured that your husband chose Il Terrazzo to celebrate such a special occasion. We're delighted to hear that your evening exceeded your expectations, from the atmosphere and exceptional food to the warm hospitality you received throughout your visit. It's especially wonderful to know your server helped make the celebration memorable with thoughtful recommendations and attentive service, and that the birthday dessert added a special touch. Thank you for your incredibly kind words. We truly appreciate your support and look forward to welcoming you back the next time you're in Victoria. 
- Il Terrazzo Guest Relations Manager"
Google,Diana Parsons,2026-07-30,,5,5,5,5,"My husband and I would love to say a HUGE thank you to Eric our server! He made us feel at home as soon as we walked in. Thank you to Phoebe as she was so attentive and friendly.  The staff here made our visit to the restaurant the best anniversary experience that we've ever had! It was amazing food, the BEST service, and the most friendly staff anywhere we've been! Thank you to the manager Alex also for checking in with us to ensure that we were being treated well! I just can't say enough about how special we felt tonight for our 32 wedding anniversary. We will never forget this place❤️","Hello Diana, thank you for your wonderful review! Happy 32nd wedding anniversary! We're truly honoured that you chose to celebrate such a special milestone with us. We're delighted to hear Eric and Phoebe made you feel so welcome and that their attentive, friendly service helped create such a memorable evening. We're also pleased that Alex had the opportunity to check in and ensure everything was perfect. We'll be sure to share your heartfelt compliments with each of them. Thank you for your incredibly kind words. Knowing we were able to make your anniversary so special means the world to us. We look forward to welcoming you back to Il Terrazzo for many more memorable celebrations.
- Il Terrazzo Guest Relations Manager"
Google,Amy Burns,2026-07-30,,5,5,5,5,"A beautiful evening! Wonderful food/ambiance, exceptional service. Can’t wait to go back 👏","Hello Amy, thank you for your wonderful review! We're delighted to hear you had such a beautiful evening with us and that you enjoyed the food, ambiance, and exceptional service. We'll be sure to share your kind words with both our management and culinary teams, as well as our front of house team. We truly appreciate your support and can't wait to welcome you back to Il Terrazzo again soon.
- Il Terrazzo Guest Relations Manager"
Google,Carrie Numata,2026-07-29,,5,5,5,4,"Overall we had a good dining experience here. The food was so tasty, and our server was on top of it, including deftly moving my husband’s wine glass out of the way just as he moved his menu toward it and surely would have knocked red wine onto the table! The spaghetti carbonara and the pasta bolognese were truly delicious and unique, and we will definitely come back the next time we are in Victoria. The priced were  very reasonable for what we had. We spent about $200, including two entrees, an appetizer, and a bottle of wine. That being said, we were seated in a kind of “booth” next to another couple, who were conversing very loudly about various topics that were very distracting (just extreme political and religious views) It was just a bad luck of the draw for us, as I am sure if we had been seated by someone else, our dining experience would have been more enjoyable. It was hard to escape their conversation until they left, which unfortunately was just a few minutes before we finished our dinner. Overall I would recommend, but just be prepared for the possibility of overhearing others’ dinner conversation if you’re seated in the atrium/booth area, whether you like it or not.","Hello Carrie, thank you for your thoughtful review.bWe're delighted to hear you enjoyed your dining experience and that both the food and service left such a positive impression. It's wonderful to know your server's attentiveness helped make your evening even more enjoyable, and we'll be sure to share your kind words with them, as well as with both our management and culinary teams. We also appreciate your feedback regarding the seating experience. While our intimate dining room is part of Il Terrazzo's charm, we understand that nearby conversations can sometimes impact the atmosphere, and we're sorry this affected your evening. Thank you for your recommendation and for taking the time to share such detailed feedback. We look forward to welcoming you back the next time you're in Victoria.
- Il Terrazzo Guest Relations Manager"
Google,mato 0404,2026-07-28,,5,5,5,5,"Il Terrazzo is one of the best Italian Restaurants I've ever been to! We visited Canada for 3 Weeks and on the beginning of our Trip we've randomly fell in to this amazing restaurant. So we decided to come back after our 3 weeks on the island as the perfect ending.

The food is unbelievably tasty and the portions are huge. Also the staff is so kind and always available. The boss even gave us a small treat at our second visit.

Last time we had the caprese as an appetizer, it was fantastic. As our main dish we had the Pizza al Maiale and the Cannelloni al Maiale. Both Fantastic but I would rather go to this place for Pasta.

This time we had the Linguine con frutti did mare and the fried octopus. Again both outstanding.

Thx for everything and on our next trip to Victoria this place is a must go!!","Hello Mato, thank you for your incredible review and for sharing your wonderful photos! We're truly honoured that you chose to visit us not once, but twice during your trip to Canada, and that you made Il Terrazzo the final stop before heading home. It means so much to hear that our food, generous portions, warm hospitality, and special treat during your return visit helped make your experience so memorable. We'll be sure to share your kind words with both our management and culinary teams. Knowing that you enjoyed your meals so much and that Il Terrazzo has become a ""must visit"" whenever you're in Victoria is one of the highest compliments we could receive. Thank you again for your support. We look forward to welcoming you back on your next trip to Victoria!
- Il Terrazzo Guest Relations Manager"
Google,B D,2026-07-28,,5,5,5,5,"Came here last night, and was blown away by the entire experience.. the staff were very friendly, the atmosphere was great, and the food was amazing.. it was arguably the best Italian food I’ve had in my entire life.. The only bad thing is that I don’t live here.. So I’ll be thinking about it all the time. I would definitely come back next time I’m in Victoria.","Hello BD, thank you for your wonderful review! We're absolutely delighted to hear that every aspect of your visit exceeded your expectations. It's especially rewarding to know that our friendly team, inviting atmosphere, and cuisine made such a lasting impression. Hearing that it was among the best Italian meals you've ever had is truly an incredible compliment, and we'll be sure to share your kind words with both our management and culinary teams. While we wish you lived a little closer, we're honoured that Il Terrazzo will be on your mind until your next visit to Victoria. We look forward to welcoming you back whenever you're in town.
- Il Terrazzo Guest Relations Manager"
Google,warren beattie,2026-07-28,,5,5,5,4,Tables are a little cozy so be prepared to get to know your neighbors.,"Hello Warren, thank you for your 5-star review! We're delighted to hear you enjoyed your experience with us. We appreciate your note about our dining room. Our intimate setting is part of Il Terrazzo's charm, though we understand it can feel a little cozy during busy service. Thank you for your support. We look forward to welcoming you back again soon.
- Il Terrazzo Guest Relations Manager"
Google,Paul Tsui,2026-07-28,,4,5,3,3,"Overall, a solid dining experience! The food here is truly delicious, and the cozy decor creates a great vibe inside though it was quite crowded, and waiting outside in the heat wasn't ideal.

Our waiter was wonderfully warm and attentive, which made us feel very welcome. However, there's definitely room for improvement with the food runners. They seemed a bit rushed and were a little rough when setting down dishes on the table.

Despite that detail, the great food and friendly main service make it worth a visit!","Hello Paul, thank you for your thoughtful review and for sharing your photos! We're delighted to hear you enjoyed the food, our cozy atmosphere, and the warm, attentive service from your server. At the same time, we appreciate your constructive feedback regarding your wait before being seated and your experience with our food runners. Your comments have been shared with our management team, as guest feedback plays an important role in helping us refine every aspect of the dining experience. Thank you again for your honest feedback and recommendation. We look forward to welcoming you back to Il Terrazzo again soon.
- Il Terrazzo Guest Relations Manager"
Google,M McBride,2026-07-27,,4,4,4,4,"I think this is a fairly typical upscale Italian restaurant, which isn’t a bad thing, because who doesn’t like that? All of the food is really good, and they have a very well-curated wine list. I would say the service is a bit slow though, as we waited quite a while to get drinks and our dinners.","Hello, thank you for taking the time to share your feedback. We're delighted to hear you enjoyed your meal and appreciated our wine selection. At the same time, we're sorry to learn that the pace of service did not meet your expectations. We understand how important attentive and timely service is to the overall dining experience. Your comments have been shared with our management team, as guest feedback plays an important role in helping us continually refine the experience we provide. We appreciate your thoughtful review and hope to have the opportunity to welcome you back for an even better visit in the future.
- Il Terrazzo Guest Relations Manager"
Google,Kristi Schertz,2026-07-27,,5,5,5,5,Fantastic meal.  We had halibut and scallop pasta. Both were amazing. The ricotta lemon cake for desert was delicious. Eric was a great server. Great selection of mocktails.,"Hello Kristi, thank you for your wonderful review and for sharing your beautiful photos! We're delighted to hear you enjoyed such a fantastic dining experience and that both your meal and dessert exceeded your expectations. It's also wonderful to know you appreciated our selection of mocktails. We're especially pleased that Eric helped make your evening memorable with his attentive service, and we'll be sure to share your kind words with him, as well as with both our management and culinary teams. We truly appreciate your recommendation and look forward to welcoming you back to Il Terrazzo again soon.
- Il Terrazzo Guest Relations Manager"
Google,Stefan De Crom,2026-07-26,,4,5,4,5,,"Hello Stefan, thank you for your review! We're delighted to know you had an enjoyable experience at Il Terrazzo. Thank you as well for sharing your beautiful photos. They capture both the warm atmosphere inside the restaurant and our courtyard entrance so beautifully. We truly appreciate your support and look forward to welcoming you back again soon.
- Il Terrazzo Guest Relations Manager"
Google,R N,2026-07-26,,5,5,5,5,Great food. Wait was long but we'll worth the effort. Wait staff was attentive and nice. Certainly will be making a return visit.,"Hello RN, thank you for your wonderful review! We're delighted to hear that you enjoyed the food and found our team to be attentive and welcoming. We also appreciate your patience with the wait and are so pleased to know it was well worth it. We'll be sure to share your kind words with both our management and culinary teams. Thank you for your support, and we look forward to welcoming you back again soon.
- Il Terrazzo Guest Relations Manager"
Google,Yuen Tsai,2026-07-26,,4,4,5,5,小羊排跟義大利麵還不錯！比目魚的醬料有點特別，我個人比較不愛🥲烤布蕾很濃郁好吃，很謝謝我們的服務人員非常照顧我們，雖然很抱歉我沒能記得她的名字（一位金長髮綁馬尾的年輕女生）建議一定要訂位，不然基本上是沒有座位的,"Hello Yuen, thank you for taking the time to share your review and photos! We're delighted to hear that you enjoyed your meal overall, especially the lamb, pasta, and crème brûlée. It's also wonderful to know that your server took such great care of you throughout your visit. We'll be sure to share your kind words with our management team so they can pass them along to her. We also appreciate your feedback regarding the halibut. Your comments have been shared with our culinary team, as guest feedback plays an important role in helping us continue to refine our menu. Thank you again for sharing your beautiful photos and for recommending reservations to future guests. We look forward to welcoming you back again soon.
- Il Terrazzo Guest Relations Manager"
Google,Russell Schutt,2026-07-25,,5,,,,,"Hello Russell, thank you for your 5-star review! We're delighted to know you had such a wonderful experience at Il Terrazzo. Your support means a great deal to our entire team. We look forward to welcoming you back again soon.
- Il Terrazzo Guest Relations Manager"
Google,Arjang Amadi,2026-07-25,,4,4,5,5,,"Hello Arjang, thank you for your review! We're delighted to know you had an enjoyable experience at Il Terrazzo. Your support means a great deal to our entire team. We look forward to welcoming you back again soon.
- Il Terrazzo Guest Relations Manager"
Google,Eu,2026-07-25,,2,4,2,3,"My friends and I went here to celebrate a birthday and we were looking forward to it for a long time. While we genuinely enjoyed the food and the charming atmosphere of the restaurant, the service was lacking, particularly when we were being served the food.

From the start, our server generally seemed disinterested and not really welcoming towards our group, despite showing lively behaviour towards the guests at the table behind us. When our pastas were served to our table, the plates clattered on the table so loudly that even other guests nearby shuddered at the sound of it. We were then asked whether we wanted cheese and pepper on our pastas, to which we said yes. However, my friends and I were so surprised at the sloppy service by the busser, as the cheese and pepper was randomly sprinkled on the plate and even on the table. We thought that this was our own experience, but to our surprise, the adjacent table did not receive the same service. A young child did not receive this same attitude/service from that same busser. Instead, the child's plate was placed gently on the table and the cheese was sprinkled within the perimeters of the plate. Despite this, we had one pleasant interaction with the individual who refilled our water.

Even though it might have been a busy evening, we were honestly quite disappointed in how we were treated, especially given it was our friend's special day.","Hello Eu, Thank you for taking the time to share your feedback. While we're pleased to hear that you enjoyed the food and atmosphere, we're truly sorry to learn that the service during your friend's birthday celebration left you feeling disappointed. The level of hospitality you described is not the experience we strive to provide, and we're especially concerned to hear that your interactions with our team felt inconsistent and careless. A special occasion should feel just that, and we're sorry we fell short. Please know that your comments have been shared with our management team for review. We'd also appreciate the opportunity to learn more about your visit and see if we can rectify the situation. If you're willing, please email us at guestrelations@ilterrazzo.com with the date, time and name of the reservation so we can investigate further and follow up with you directly. Thank you again for bringing this to our attention. We hope to have the opportunity to make things right.
- Il Terrazzo Guest Relations Manager"
Google,Sarah Rice,2026-07-25,,5,5,5,5,We had a really lovely experience here celebrating our engagement. The service was exceptional from start to finish and Carson our server was attentive and gave great recommendations. The food was also amazing and we felt comfortable and cared for. The wait staff really goes above and beyond to make the dining experience special. Thank you so much for your kindness and attention to detail.,"Hello Sarah, thank you for your wonderful review! Congratulations on your engagement! We're honoured that you chose to celebrate such a special occasion with us. We're delighted to hear that you had such a lovely experience and that Carson provided exceptional, attentive service with great recommendations throughout your evening. It's also wonderful to know that you enjoyed your meal and felt so well cared for by our team. We'll be sure to share your kind words with Carson, as well as with our management and culinary teams. Thank you for your support, and we wish you both all the best as you celebrate this exciting new chapter. We look forward to welcoming you back again soon.
- Il Terrazzo Guest Relations Manager"
Google,chanhee Han,2026-07-24,,3,3,4,4,"Sorry I think all dish preready , and just heating cause so fast coming after order, expect a lot booking table but not quite good for food","Hello Chanhee, thank you for taking the time to share your feedback. We're sorry to hear that your dining experience did not meet your expectations. We understand your concern regarding the timing of the dishes and that this left you feeling disappointed with the overall quality of the meal. Please know that your comments have been shared with both our management and culinary teams. Guest feedback is invaluable in helping us review our food preparation and service standards to ensure we continue delivering the quality our guests expect. We appreciate you bringing this to our attention and hope to have the opportunity to welcome you back for a better experience in the future.
- Il Terrazzo Guest Relations Manager"
Google,summit boy,2026-07-24,,3,5,2,5,"Food and atmosphere are wonderful but customer service need work. Food portions are generous, well cooked, and tasty. Price is high but reasonable for the quality. However, server made a few annoying errors. Forgot ice and had to be reminded. Then spilled a little wine but failed to fully mop it up. Table clearer was too quick to ask if we had finished with plates that clearly still had food on. Washrooms unaccepable! Only two for a large restaurant. Water on floor and no paper towels. Quite a few items that made our dining experience less than perfect...","Hello, thank you for taking the time to share your feedback. We're pleased to hear that you enjoyed the food and atmosphere and found the portions generous and well prepared. However, we're sorry to learn that the service and condition of our washrooms fell short of your expectations. From the missed details during service to the cleanliness concerns you encountered, we understand how these issues would have impacted your overall experience. Please know that your comments have been shared with our management and culinary teams. Guest feedback plays an important role in helping us improve, and we'll be reviewing your observations with our service and facilities teams to ensure we provide the high standard of experience our guests expect. We appreciate you bringing these concerns to our attention and hope to have the opportunity to welcome you back for a much-improved visit.
- Il Terrazzo Guest Relations Manager"
Google,Jennifer Whitehouse,2026-07-23,,5,5,5,5,,"Hello Jennifer, thank you for your 5-star review! We're delighted to know you had such a wonderful experience at Il Terrazzo. Your support means a great deal to our entire team. We look forward to welcoming you back again soon.
- Il Terrazzo Guest Relations Manager"
Google,Isobel J,2026-07-22,,1,3,2,3,"place is crowded, the food is ok, the customer service was mid and kind of ruined a nice dinner. although the initial check I saw was correct, I was somehow charged for several drinks from another table, which was complicated because I paid partly with gift card balance. transaction was reversed to my credit card but not the balance to the gift card. questioned this with manager at the time and was assured everything was corrected. had places to be so left, and had to return at a later date to get the situation resolved. then received a voicemail telling me my GIFT CARD balance had been refunded, so now will have to return and have another thoroughly mid experience to spend it? a bit comical and obviously not my intention of my spending the gift card balance initially. waste of my time and energy to pursue this any further or return to this place","Hello Isobel, thank you for taking the time to share your feedback. We're very sorry to hear about the billing issue you experienced and the frustration it caused. We understand how disappointing it must have been to have to return after being assured the matter had been resolved. We'd appreciate the opportunity to look into this further and see if there is anything we can do to help. If you could please email us at guestrelations@ilterrazzo.com with the date and approximate time of your visit, along with any additional details, our management team will review the situation and follow up with you directly. We appreciate you bringing this to our attention and hope to have the opportunity to make things right.
- Il Terrazzo Guest Relations Manager"
Google,Chris,2026-07-21,,5,5,5,5,"I haven’t eaten here for four years but, glad to see that it hasn’t changed. Healthy portions and fresh ingredients. Eric, our server, was attentive and personable. Glad to know that I can return after an extended period of time and continue to enjoy the same great food and service as always!","Hello Chris, thank you for your wonderful review! We're delighted to hear that you returned after four years and found the experience to be just as enjoyable as you remembered. It's especially rewarding to know that our fresh ingredients, generous portions, and consistent quality continue to meet your expectations. We're also thrilled to hear that Eric provided attentive and personable service. We'll be sure to share your kind words with him, along with our management and culinary teams. Feedback like yours means so much to all of us. Thank you for your continued support. We look forward to welcoming you back again soon.
- Il Terrazzo Guest Relations Manager"
Google,Ruslan Asylkaev,2026-07-21,,5,,,,,"Thank you for your review! We're delighted to know you had such a wonderful experience at Il Terrazzo. Your support means a great deal to our entire team. We'll be sure to share your 5-star rating with both our management and culinary teams, as feedback like yours is always appreciated. We look forward to welcoming you back again soon.
- Il Terrazzo Guest Relations Manager"
Google,Elena Asylkaeva,2026-07-21,,5,5,5,5,It was really delicious,"Hello Elena, thank you for your wonderful review! We're delighted to hear that you had such a delicious meal with us. Thank you as well for sharing your beautiful photo. It looks fantastic, and we appreciate you capturing part of your dining experience. We'll be sure to share your kind words with both our management and culinary teams. Thank you for your support, and we look forward to welcoming you back again soon.
- Il Terrazzo Guest Relations Manager"
Google,Blue Otter Jewelry,2026-07-21,,5,5,5,5,"It was great as always. Nice to see nothing has changed with new management. Friendly, efficient wait staff and great food.","Hello, thank you for your wonderful review and for sharing your beautiful photos. We're delighted to hear that your experience was just as enjoyable as always and that our friendly, efficient service and great food continue to make each visit memorable. It's especially meaningful to know that you felt the warm hospitality and quality you've come to expect remain unchanged. We truly appreciate you taking the time to share your experience. Your kind words have been shared with both our management and culinary teams, and we look forward to welcoming you back again soon.
- Il Terrazzo Guest Relations Manager"
Google,David Hollander,2026-07-20,,5,5,3,5,"Excellent food, ample portions, super ambience. Share the meals unless you're very hungry. Shame about the mixed service from the server.","Hello David, thank you for taking the time to share your review. We're delighted to hear that you enjoyed the food, generous portions, and the ambience during your visit. At the same time, we appreciate your comments regarding the service, and we're sorry to hear that it was not as consistent as it should have been. Please know that your feedback has been shared with our management team, as it plays an important role in helping us continually improve the guest experience. Thank you again for your thoughtful feedback. We hope to have the pleasure of welcoming you back again soon.
- Il Terrazzo Guest Relations Manager"
Google,Geoff van Hattem,2026-07-19,,5,5,5,5,"My wife and I have been here on more than several occasions for anniversaries/ birthdays and honestly wish we could give it higher than 5 stars. The staff have always been extraordinary and the owners are there to kindly greet you as you walk in.
This is our favorite restaurant by far. We will always make a special ferry trip here to enjoy a beautiful dinner.","Hello Geoff, thank you for your incredible review. We're truly honoured to have been part of so many of your anniversaries and birthdays over the years. Knowing that Il Terrazzo has become your favourite restaurant, and that you make a special ferry trip to dine with us, means more to us than we can express. We're especially grateful for your kind words about our staff and owners. We will be sure to share your thoughtful compliments with our entire team and management, as feedback like yours is a wonderful reminder of the meaningful experiences we strive to create for every guest. Thank you again for your continued support and loyalty. We look forward to welcoming you and your wife back for many more special celebrations.
- Il Terrazzo Guest Relations Manager"
Google,Alexis Brooks,2026-07-19,,4,4,5,5,,"Hello Alexis, thank you for taking the time to leave us a review. We're grateful for your support and are pleased to know you enjoyed your visit. Thank you again for your review. We hope to have the pleasure of welcoming you back again soon.
- Il Terrazzo Guest Relations Manager"
Google,Jennifer Lochhead,2026-07-19,,5,,,,Excellent all around.  Highly recommend this restaraunt.,"Hello Jennifer, thank you for your wonderful review. We're delighted to hear that you had an excellent dining experience with us. Your recommendation means a great deal to our entire team, and we'll be sure to share your kind words with our management team. Thank you for taking the time to share your experience. We truly appreciate your support and look forward to welcoming you back again soon.
- Il Terrazzo Guest Relations Manager"
Google,Angel Riddle,2026-07-19,,5,5,5,5,"When I was looking up places to eat in Victoria, Il Terrazzo was the most highly recommended restaurant both by friends and the internet alike. Stepping into this Italian restaurant really made me feel like I was back in Rome. The building itself has so much charm and beauty. The staff are friendly, but also efficient. They are knowledgable about the menu and take into account any special occasions and dietary restrictions. Il Terrazzo really feels like a special place! The manager was kind and came by each table to ask how everyone’s meal was, and I saw him helping bus some tables as well, this really shows that they care, and it was great to see this added touch. Okay the FOOD! WOW! I’ve eaten a lot of amazing meals in my life, and this was one of them. The ordered the lamb chop appetizer for my meal and the flavors of the root vegetables and the char on the lamb made it feel like it was roasting away all day, the flavor was incredible! My husband got the venison and he was raving about his dish and how well all the flavors flowed. Highly recommend getting the mussels, the portion size was very generous, they were so large and buttery, and when I asked the manager, he said they were locally sourced. Overall, this restaurant hit it out of the park on every level! I could say so much more, but you MUST eat here!","Hello Angel, thank you for your incredible review. We're truly honoured that you chose to dine with us during your visit to Victoria and that your experience lived up to the recommendations you received. It means so much to hear that you enjoyed the atmosphere, attentive service, and warm hospitality from our team. We're especially pleased that our manager's personal attention helped make your visit feel even more special. We're delighted that your meal left such a lasting impression. Thank you for your thoughtful comments about the quality of the food and locally sourced ingredients. We will be sure to share your generous praise with both our culinary and management teams, as feedback like yours is a wonderful encouragement to everyone involved. We also appreciate you sharing your beautiful photos, which capture the warmth and character of our restaurant so well. Thank you again for your heartfelt recommendation. We look forward to welcoming you and your husband back the next time you're in Victoria.
- Il Terrazzo Guest Relations Manager"
Google,Stanislav Ostroushchenko,2026-07-18,,5,5,5,4,,"Hello Stanislav, thank you for your 5-star review. We're delighted to see that you chose to share a photo from your visit and are so pleased you had a wonderful dining experience with us. Your support means a great deal to our entire team. Thank you again for your review. We look forward to welcoming you back again soon.
- Il Terrazzo Guest Relations Manager"
Google,Mizue Tanaka,2026-07-18,,5,5,5,5,"I had such a wonderful experience dining here by myself. The food was delicious, but what truly made my visit special was the incredible service.

My server was so kind and thoughtful. Even though I was dining alone, they made me feel genuinely welcome and checked on me with such warmth throughout my meal.

We chatted for a bit, and they told me they had been to Hiroshima and loved Hiroshima-style okonomiyaki. As someone from Hiroshima, hearing that made me so happy.

Unfortunately, they were very busy when I left, so I didn’t get the chance to thank them properly or say goodbye, which I regret.

They truly made my day. Thank you for such a memorable experience—I can’t wait to come back!","Hello Mizue, thank you for your heartfelt review. We're truly honoured that you chose to dine with us and are delighted to hear that your experience was such a memorable one. It's especially wonderful to know that your server made you feel so welcome and cared for throughout your meal. The connection you shared over Hiroshima and Hiroshima-style okonomiyaki is such a meaningful story, and we're so glad it added something special to your visit. We will be sure to share your kind words with your server, along with our management team. Feedback like yours is deeply appreciated and reminds our team of the lasting impact that genuine hospitality can have. Thank you again for taking the time to share your experience. We look forward to welcoming you back the next time you're in Victoria.
- Il Terrazzo Guest Relations Manager"
Google,Judy Van Cleve,2026-07-18,,5,5,5,5,"We loved the ambiance, the food and especially the waite staff.  Van arrived at our table almost immediately after we sat down.  He was welcoming and pleasantly help us with our dinner and wine selections.  We felt looked after through out our meal and left with smiles on faces.  Thank you ll Terrazzo and Van.","Hello Judy, thank you for your wonderful review. We're delighted to hear that you loved the ambiance, the food, and especially the service during your visit. It's wonderful to know that Van made you feel welcome from the moment you arrived, provided thoughtful recommendations, and ensured you felt well looked after throughout your meal. We will be sure to share your kind words with him, along with our management team. Thank you for taking the time to share your experience. We truly appreciate your support and look forward to welcoming you back again soon.
- Il Terrazzo Guest Relations Manager"
Google,Lauden Barrie,2026-07-18,,5,5,5,5,"One of the best dining experiences I’ve ever had. Food was flawless across the board. Very busy and everything was still super swift. Service was impeccable and friendly, could tell that Chuck knew how to turn on a dime and adapt to his guests. Last meal alive, I’m going to Il Terrazo.","Hello Lauden, thank you for your incredible review. We're truly honoured to hear that your visit was one of the best dining experiences you've ever had. It's wonderful to know that you enjoyed your meal and that, even on a busy evening, the food, service, and pace of your experience exceeded your expectations. We're especially grateful for your kind recognition of Chuck. We will be sure to share your thoughtful compliments with him, along with our management team, as feedback like yours means a great deal and helps reinforce the exceptional hospitality we strive to provide every day. Thank you again for your generous support. We look forward to welcoming you back for another memorable evening soon.
- Il Terrazzo Guest Relations Manager"
Google,KK Saini,2026-07-17,,5,,,,,"Hello KK, thank you for your 5-star review. We truly appreciate your support and are delighted to know you had a wonderful dining experience with us. Your kind rating means a great deal to our entire team. Thank you for taking the time to share your review. We look forward to welcoming you back again soon.
- Il Terrazzo Guest Relations Manager"
Google,Carlos Pasqua,2026-07-15,,5,,,,Great atmosphere...,"Hello Carlos, thank you for your wonderful review. We're delighted to hear that you enjoyed the atmosphere during your visit. Creating a warm and memorable setting for our guests is something our team takes great pride in. Thank you for taking the time to share your kind words. We truly appreciate your support and look forward to welcoming you back again soon.
- Il Terrazzo Guest Relations Manager"
Google,Vincent Yu,2026-07-14,,5,5,5,5,"Exceptional service from our server made for an unforgettable dining experience. The food was outstanding, the wine was excellent, and every aspect of the evening exceeded our expectations. I would highly recommend Il Terrazzo to anyone wondering whether it’s worth visiting while in Victoria—you won’t be disappointed.","Hello Vincent, thank you for your wonderful review. We're delighted to hear that your dining experience exceeded your expectations. It's especially rewarding to know that your server's exceptional hospitality helped make your evening so memorable, alongside the outstanding food and excellent wine. Thank you for your thoughtful recommendation and for taking the time to share your experience. We truly appreciate your support and look forward to welcoming you back again soon.
- Il Terrazzo Guest Relations Manager"
Google,Erica T,2026-07-14,,2,,,,"I used to love Il Terrazzo, which is why my fiancé booked us a table for a weeknight birthday dinner. Typically, the server has a conversation beforehand about dietary needs, and where we would usually receive a different dish from the free bread to accommodate gluten intolerance, this time the server was a little standoffish and said nothing at all when we were seated, and did not discuss dietary needs. It was very noisy and the server asked me to repeat myself many times, and since I've been here before and trusted the safety of the crossover contamination, I didn't choose to speak up about it. We then went on to order a usual favorite and risotto was asked to be a replacement for the pasta, and again there was still no question about any intolerances. When the dish arrived, it looked so different than every other time I've had their silky, incredible risotto. Unfortunately, this time it was so so dry and tasted like it came from a microwave. The tuna from the tonno dish was also uncharacteristically dry and tasted like it was canned, when before it had been so moist and truly delicious. Both meals and the appetizer were slathered in a spicy mayo that overpowered the dish, making it so it was hard to distinguish any other flavors. After hearing the restaurant had changed hands since I'd last been, I still wanted to believe this was just maybe a bad night for the chef, but because of the price - which was well worth the quality in the past, as well as the portion size - I don't think I'm willing to risk it again and must sadly say goodbye to a favorite spot to bring visiting family/have date nights.","Hello Erica, thank you for taking the time to share your thoughtful feedback. We're truly sorry to hear that this visit did not reflect the experiences you've enjoyed with us in the past, especially on such a special occasion. It's disappointing to know that both the service and your meal fell short of your expectations. We also appreciate your comments regarding your dietary needs and your overall dining experience. Please know that your feedback has been shared directly with both our culinary and management teams for review, as guest comments play a vital role in our continuous improvement. We would appreciate the opportunity to learn more about your experience. If you would be willing to share the date and time of your visit, along with the name the reservation was made under, please feel free to contact us at guestrelations@ilterrazzo.com so we can look into your concerns further. Thank you again for your honest feedback. We appreciate your many past visits and hope to have the opportunity to connect with you.
- Il Terrazzo Guest Relations Manager"
Google,Dani D,2026-07-13,,3,4,4,4,"Il Terrazzo has a beautiful atmosphere, especially with the courtyard seating, and the service throughout the evening was friendly and professional. The pasta was well prepared, but I found a couple of the dishes a little under-seasoned for the price point. It's definitely a nice spot for a special occasion, although I left feeling the food didn't quite match the reputation. Still worth trying, but I think there are a few other places in Victoria I'd choose first","Hello Dani, thank you for taking the time to share your thoughtful feedback. We're delighted to hear that you enjoyed the atmosphere, particularly our courtyard, and that you received friendly and professional service throughout your visit. We also appreciate your comments regarding the seasoning and overall value of your meal. Please know that your feedback has been shared directly with both our culinary and management teams, as guest comments play a vital role in our continuous improvement. Thank you again for your honest review. We hope to have the opportunity to welcome you back for a dining experience that exceeds your expectations.
- Il Terrazzo Guest Relations Manager"
Google,Scott Hanham,2026-07-13,,5,,,,"This was an out of this world gastronomic experience! The food was to die for. Our server, Dean, was really pro. Go and experience the atmosphere!","Hello Scott, thank you for your wonderful review. We're thrilled to hear that your visit was such an unforgettable gastronomic experience. It's especially rewarding to know that Dean's professional service helped make your evening even more memorable. We will be sure to share your kind words with him, as we know they will mean a great deal. Thank you for taking the time to share your thoughtful recommendation. We truly appreciate your support and look forward to welcoming you back again soon.
- Il Terrazzo Guest Relations Manager"
Google,Debbi DeMarce,2026-07-13,,5,,,,"We lucked out walking into this gem! Crave worthy, memorable food, attentive and friendly service in such a charming atmosphere! Can't wait to go back next time we're on the Island!","Hello Debbi, thank you for your wonderful review and for sharing your beautiful photos. We're delighted that you discovered Il Terrazzo and that your visit left such a memorable impression. It's wonderful to hear that you enjoyed the food, attentive and friendly service, and the charming atmosphere that makes our restaurant so special. Thank you for taking the time to share your kind words and photos. We truly appreciate your support and look forward to welcoming you back the next time you're visiting Vancouver Island.
- Il Terrazzo Guest Relations Manager"
Google,Muhammed Basith,2026-07-13,,5,5,5,5,The best Italian cuisine in the island.,"Hello Muhammed, thank you for your wonderful review and for sharing your photos. We're truly honoured to hear that you consider Il Terrazzo the best Italian cuisine on the island. It means so much to know that your dining experience left such a positive impression. Thank you for taking the time to share your kind words and beautiful photos. We truly appreciate your support and look forward to welcoming you back again soon.
- Il Terrazzo Guest Relations Manager"
Google,Pravin Mahtani,2026-07-13,,5,5,4,5,Amazing restaurant. The ambience and set up is unmatched. The pastas and drinks were fantastic. The service felt a little bit rushed but it doesn't take away from what a great dinner we had there. We'll be back!,"Hello Pravin, thank you for your wonderful review. We're delighted to hear that you enjoyed our atmosphere, the ambiance, and that the pastas and drinks made for such a memorable dinner. We also appreciate your feedback regarding the pacing of the service. Your comments have been shared with our management team, as guest feedback plays an important role in helping us continually refine the dining experience. Thank you for taking the time to share your thoughtful review. We truly appreciate your support and look forward to welcoming you back again soon.
- Il Terrazzo Guest Relations Manager"
Google,Carm Grima,2026-07-13,,5,5,5,5,"First time being on Vancouver Island and would highly recommend this gem! Delicious food, great service! The atmosphere, learning about its history made it even more memorable, bravo!","Hello Carm, thank you for your wonderful review. We're honoured that you chose to visit us during your first trip to Vancouver Island. It's wonderful to hear that you enjoyed the delicious food, great service, and unique atmosphere, and that learning about the history of Il Terrazzo made your experience even more memorable. Thank you for your kind recommendation and for taking the time to share your experience. We truly appreciate your support and look forward to welcoming you back whenever you're visiting Victoria again.
- Il Terrazzo Guest Relations Manager"
Google,The_Ninjistic_One,2026-07-12,,5,,,,,"Hello, thank you for your review. We truly appreciate your support and are delighted to know you had a wonderful experience with us. Your rating means a great deal to our entire team. Thank you for taking the time to share your review. We look forward to welcoming you back again soon.
- Il Terrazzo Guest Relations Manager"
Google,Neil Warwicker,2026-07-12,,5,,,,"Great place, great atmosphere.  Had the ""Tonno"" with Ahi tuna and it was fantastic. Best to reserve a table in advance if you can","Hello Neil, thank you for your wonderful review and for sharing your photo. We're delighted to hear that you enjoyed the atmosphere and that the Tonno was a standout during your visit. It's wonderful to know you found it fantastic. Thank you as well for recommending reservations in advance. We truly appreciate you taking the time to share your experience and beautiful photo, and we look forward to welcoming you back again soon.
- Il Terrazzo Guest Relations Manager"
Google,Jaime Schultz,2026-07-11,,5,,,,,"Hello Jaime, thank you for your review. We truly appreciate your support and are delighted to know you had a wonderful experience with us. Your rating means a great deal to our entire team. Thank you for taking the time to share your review. We look forward to welcoming you back again soon.
- Il Terrazzo Guest Relations Manager"
Google,Mark VanDerVeen,2026-07-11,,5,5,5,5,Wow. My family visited II Terrazzo and had an amazing experience. This restaurant is a can’t miss if you’re in Victoria. We look forward to our next visit!,"Hello Mark, thank you for your wonderful review. We're delighted to hear that you and your family had such an amazing experience with us. It means so much to know that you consider Il Terrazzo a can't miss destination when visiting Victoria. Thank you for taking the time to share your kind words. We truly appreciate your support and look forward to welcoming you back on your next visit.
- Il Terrazzo Guest Relations Manager"
Google,Humberto Benavides,2026-07-10,,5,5,5,5,The best italian food for special ocassions in Victoria,"Hello Humberto, thank you for your wonderful review and for sharing your photos. We're honoured to hear that you consider Il Terrazzo the best place in Victoria for celebrating special occasions. It means so much to know that your dining experience left such a memorable impression. Thank you for taking the time to share your kind words and beautiful photos. We truly appreciate your support and look forward to welcoming you back for your next special occasion.
- Il Terrazzo Guest Relations Manager"
Google,Minjun Youn,2026-07-10,,5,5,5,5,,"Hello Minjun, thank you for your review. We truly appreciate your support and are delighted to know you had a wonderful experience with us. Your rating means a great deal to our entire team. Thank you for taking the time to share your review. We look forward to welcoming you back again soon.
- Il Terrazzo Guest Relations Manager"
Google,Patrick O'Donovan,2026-07-08,,5,,,,One of the best meals I've had in recent memory,"Hello Patrick, thank you for your wonderful review and for sharing your photos. We're truly honoured to hear that your visit was one of the best meals you've had in recent memory. Knowing that your dining experience left such a lasting impression means a great deal to our entire team. Thank you for taking the time to share your kind words and beautiful photos. We truly appreciate your support and look forward to welcoming you back again soon.
- Il Terrazzo Guest Relations Manager"
Google,Husky Pointing U,2026-07-08,,3,,,,Decent Italian food.,"Hello, thank you for taking the time to share your feedback. We're pleased to hear that you enjoyed your meal, though we're sorry to see that your experience did not fully meet your expectations. Providing exceptional food, service, and hospitality is always our goal, and we're always looking for ways to improve. Thank you again for your review. We hope to have the opportunity to welcome you back for an even better dining experience in the future.
- Il Terrazzo Guest Relations Manager"
Google,Naïmée,2026-07-08,,5,5,5,5,"Hidden gem, I bless the day I wandered until I found it!

I’ve been to Italy and this restaurant just gets what italian food is; fresh ingrédients, indulgent carbs and outstanding seafood.

The whole setting is lovely and cozy; you don’t wanna leave. Staff is great, people genuinely seem to love their job.

I think more people should propose there, this place is just IT.","Hello Naïmée, thank you for your wonderful review and for sharing your beautiful photos. We’re truly honoured by your kind words. It’s incredibly rewarding to hear that our authentic Italian cuisine, cozy atmosphere, and warm hospitality reminded you of your time in Italy. Creating a welcoming experience where guests can relax and linger is exactly what we strive for. We’re also delighted to hear that our team helped make your visit so memorable. We will be sure to share your thoughtful compliments with them. Thank you for your recommendation and for taking the time to share your experience. We look forward to welcoming you back again soon.
- Il Terrazzo Guest Relations Manager"
Google,Koki Kobayashi,2026-07-06,,5,5,5,5,"Best Italian food I had in a long time. Highly recommend the Frutti di Mare linguine. Lovely rustic interior, perfect for a special night out!","Hello Koki, thank you for your wonderful review. We’re delighted to hear that you enjoyed some of the best Italian food you've had in a long time. It’s especially wonderful to know that the Frutti di Mare della Casa was a standout and that you enjoyed the rustic atmosphere for a special night out. Thank you for taking the time to share your kind recommendation. We truly appreciate your support and look forward to welcoming you back again soon.
- Il Terrazzo Guest Relations Manager"
Google,Jess Tholmer,2026-07-06,,5,5,5,5,"What a fun dining experience. Great wine, great food. The portions are bigger than I anticipated so we ended up with a whole pizza to go, but there are worse things. I wish I knew how to spell our server's name because she was lovely, kind, and very welcoming.","Hello Jess, thank you for your wonderful review. We’re delighted to hear that you had such a fun dining experience with us. It’s wonderful to know that you enjoyed the wine, food, and generous portions, with a little extra to take home. We're especially pleased to hear that your server helped make your visit so memorable with her warm, kind, and welcoming hospitality. We will be sure to share your thoughtful compliments with our team. Thank you for taking the time to share your kind words. We truly appreciate your support and look forward to welcoming you back again soon.
- Il Terrazzo Guest Relations Manager"
Google,Peter Jonkman,2026-07-06,,4,3,5,5,"Il Terrazzo is located in a beautiful historic building, creating a unique and charming atmosphere from the moment you walk in. The restaurant has a warm, lively ambiance, and the staff are enthusiastic, attentive, and welcoming.

I highly recommend making a reservation in advance, as it’s clearly a very popular place.

The food is excellent, with authentic Italian flavors and high-quality ingredients. One thing to keep in mind, though, is that the portions are exceptionally large—more American-sized than traditional Italian. While everything tasted delicious, it felt just a little over the top. My advice would be to order only a main course or just a starter, as that’s more than enough for most people.

That said, we had a wonderful dining experience and thoroughly enjoyed our meal. Definitely a restaurant worth visiting when you’re in Victoria.","Hello Peter, thank you for your wonderful review and for sharing your beautiful photos. We’re delighted to hear that you enjoyed the charm and character of our historic building, along with the warm atmosphere and attentive service from our team. It’s especially rewarding to know that you appreciated the authentic flavours and quality of your meal. We also appreciate your thoughtful feedback regarding our portion sizes. Guest comments like yours are valuable, and we will be sure to share them with our management team. Thank you for taking the time to share your experience and recommendation. We truly appreciate your support and look forward to welcoming you back again soon.
- Il Terrazzo Guest Relations Manager"
Google,David Layton,2026-07-05,,5,,,,"Great food, great service and priced appropriately.   I will go back.","Hello David, thank you for your wonderful review. We’re delighted to hear that you enjoyed the food, service, and found your experience to be a great value. It’s especially rewarding to know that you’re already looking forward to returning. Thank you for taking the time to share your kind words. We truly appreciate your support and look forward to welcoming you back again soon.
- Il Terrazzo Guest Relations Manager"
Google,Payton Ezekiel,2026-07-05,,5,5,5,5,"Incredible, as always. Been coming here at least once a year for the past 10 years, and I have never once been disappointed. The servers are always incredible, the food is buttery and delicious, and the restaurant is gorgeous. My favourite oasis in Victoria","Hello Payton, thank you for your wonderful review and for sharing your beautiful photos. We’re truly honoured to have been part of your dining tradition for the past 10 years. It’s incredibly rewarding to hear that each visit has been a memorable one, and that our food, service, and atmosphere continue to meet your expectations. To be called your favourite oasis in Victoria means so much to our entire team. Thank you for your continued support and for taking the time to share your kind words and photos. We look forward to welcoming you back for many more years to come.
- Il Terrazzo Guest Relations Manager"
Google,Katie Griffith,2026-07-05,,5,5,5,5,Unforgettable anniversary dinner here! Atmosphere is unmatched and server was very helpful in wine pairings and customizing my own vegetarian pasta dish.,"Hello Katie, thank you for your wonderful review. We’re honoured that you chose to celebrate your anniversary with us. It’s wonderful to hear that the atmosphere helped make your evening so memorable, and that your server provided thoughtful wine pairing recommendations and was happy to customize a vegetarian pasta dish just for you. Thank you for taking the time to share your kind words. We truly appreciate your support and look forward to welcoming you back for many more special occasions.
- Il Terrazzo Guest Relations Manager"
Google,Andrew,2026-07-05,,5,,,,"Quaint and romantic setting staffed by very friendly and attentive servers who provide an unforgettable experience. We thoroughly enjoyed our meal which started with the Baked Goat Cheese Salad (Formaggio di Capra), followed by the Italian Sausage & Meatball Polenta (Antipasti di Polpette), and finished with the shredded pork stuffed pasta (Cannelloni di Maiale).  All were excellent in flavor, texture and presentation. The meal was accompanied by a robust local red wine that paired well with each dish.","Hello Andrew, thank you for your wonderful review and for sharing your beautiful photos. We’re delighted to hear that you enjoyed the romantic atmosphere and attentive service during your visit. It’s especially rewarding to know that every course of your meal, from the Formaggio di Capra to the Antipasti di Polpette and Cannelloni di Maiale, was memorable, and that your wine pairing complemented the experience so well. Thank you for taking the time to share your thoughtful review and photos. We truly appreciate your support and look forward to welcoming you back again soon.
- Il Terrazzo Guest Relations Manager"
Google,Lydia Vanden Engel,2026-07-03,,5,5,5,5,A great experience and exceptional food. Simply put. I felt very taken care of at this restaurant. My water was never empty and the waitresses and hostess's made sure we felt comfortable. I have absolutely no complaints and the vibe was so nice in this place. Complimentary focaccia was super fluffy and fresh. Highly recommend the calamari and scaloppine di Maiale,"Hello Lydia, thank you for your wonderful review and for sharing your beautiful photos. We’re delighted to hear that you felt so well taken care of throughout your visit. It’s especially rewarding to know that our team helped make your experience comfortable and memorable with attentive service, and that you enjoyed the warm atmosphere. We’re also thrilled that you enjoyed the complimentary focaccia, and that the Calamari and Scaloppine di Maiale were highlights of your meal. Thank you for taking the time to share your kind words and photos. We truly appreciate your recommendation and look forward to welcoming you back again soon.
- Il Terrazzo Guest Relations Manager"
Google,E S,2026-07-03,,5,,,,"Michael was helping us for the evening and he was an absolute charm. He recommended the Cozze which we ordered and loved. We also got the pulled pork cannelloni and the lamb chops appy and both were delicious.

However the best part of our evening was Michael!! He was lovely and funny and upscaled our night. We loved his tricks with the napkins. Our experience was 100/10 and would definitely be back again!!","Hello ES, thank you for your wonderful review. We’re delighted to hear that you had such a memorable evening with us. It’s especially wonderful to know that Michael’s warm, engaging service and thoughtful recommendations helped make your experience so special. We will be sure to share your kind words with him, as we know they will mean a great deal. We’re also thrilled to hear that you enjoyed your meal and that your evening exceeded expectations. Thank you for taking the time to share your experience. We truly appreciate your support and look forward to welcoming you back again soon.
- Il Terrazzo Guest Relations Manager"
Google,Maya Amlani,2026-07-02,,5,5,5,5,"My partner and I come here every year on our anniversary, today was our third. Our server, Glen, was warm, attentive and friendly, and made our experience all the more memorable. All of the staff, from the hosts to the bussers and food runners were exceptionally courteous and professional, truly classy and go out of their way to create a great experience. The food was delicious as always, and we're certainly looking forward to our next visit!","Hello Maya, thank you for your wonderful review and for sharing your beautiful photos. We’re truly honoured to be part of your anniversary tradition and are delighted to hear that your third visit was just as memorable as the last. It’s especially wonderful to know that Glen’s warm and attentive service helped make your celebration even more special. We will be sure to share your kind words with him. We’re also thrilled to hear that every member of our team helped create such a welcoming experience, and that you once again enjoyed the food. Thank you for your continued support and for taking the time to share your experience. We look forward to welcoming you back for many more anniversaries to come.
- Il Terrazzo Guest Relations Manager"
Google,The Judge,2026-07-02,,3,3,1,2,"Came here for a honeymoon dinner with my wife, and our server, Chuck, was decent all around. The food was also good. However Mr. Chuck had the audacity to act all rude after he saw that I didn’t tip. With a $125 bill, I expect good service at the minimum, and Chuck did meet that expectation, and as we were getting ready to leave, he walked really fast right by me and slammed the bill on the table, and asked me if his service was not good. And that’s precisely what turned this from a good dinner into a bad one, and I’ve never experienced this with any other server as most of them know that tips shouldn’t be expected nor are they a measure of how good their service is.","Hello, thank you for taking the time to share your feedback. We're pleased to hear that you enjoyed your meal and that your service met your expectations throughout most of your visit. However, we're very sorry to learn that your experience ended on a disappointing note. We understand how an interaction like the one you described could overshadow an otherwise enjoyable evening, especially during such a special occasion as your honeymoon. Please know that your comments have been shared directly with our management team for review. Guest feedback is invaluable in helping us uphold the level of hospitality we strive to provide to every guest. Thank you again for bringing this to our attention.
- Il Terrazzo Guest Relations Manager"
Google,Daram Choi,2026-07-01,,5,5,5,5,,"Hello Daram, thank you for your 5-star review and for sharing your wonderful photos. We truly appreciate you taking the time to capture and share your experience. Your photos beautifully showcase our courtyard atmosphere and some of the dishes that make dining at Il Terrazzo so special. Thank you again for your support. We look forward to welcoming you back again soon.
- Il Terrazzo Guest Relations Manager"
Google,Juli P,2026-07-01,,5,,,,,"Hello Juli, thank you for your 5-star review. We truly appreciate your support and are delighted to know you had a wonderful experience with us. Your rating means a great deal to our entire team. Thank you for taking the time to share your review. We look forward to welcoming you back again soon.
- Il Terrazzo Guest Relations Manager"
Yelp,Denise S.,2026-07-24,,5,,,,"I have been going here for over 20 years maybe longer and have yet to leave a review. It is always on our list of places to go to when we are in town and we come to Victoria at least once if not twice, a year. The food is phenomenal. Although I was just there yesterday and no Osso bucco??? I'm sure they'll say it's seasonal but get it if you are there. The risotto is to die for. Love the Caprese. Fabulous wine selection. There's nothing bad about this place except they could use a little air-conditioning.",
Yelp,Tim P.,2026-07-22,,5,,,,"What a wonderful place to enjoy a meal in downtown Victoria. We were on a cruise and decided to eat off the ship for a meal. A local recommended this restaurant to our group. Our waiter was very good throughout the meal with great suggestions and service. Highlights of the meal were the calamari tubes appetizer, lamb chops, and scallops and shrimp with a creamy sauce. The place has a very nice environment and feel to it.",
Yelp,Leo L.,2026-07-21,,5,,,,Great restaurant with excellent customer service. I highly recommend it. The pizzas and tiramisu are excellent.,
Yelp,Pat M.,2026-07-21,,5,,,,Food was amazing The service was great ambiance was great but wishing I could get out to the patio will will reserve earlier next time so I can get up there and experience that spaghetti carbonara was excellent. The wife had. Shank a lamb she can't stop talking about it. It was great.,
Yelp,Denise M.,2026-07-20,,5,,,,"What a wonderful little gem! Food and service were excellent.  I loved the decor of this restaurant. I was a tourist visiting, yet if I'm in town again, this is a must visit.  This is what other restaurants should strive to be like.",
Yelp,Kathleen V.,2026-07-18,,5,,,,"Food, ambiance and service were amazing!  Definitely a 5 star restaurant and experience!  We will make sure to come back when we visit Victoria again!",
Yelp,Amy L.,2026-07-13,,5,,,,Best Italian Restaurant in Victoria‼ Food choices are great and is always Scrumptious. Great and Friendly Servers. Beautiful Ambiance and an open patio to eat as well!,
TripAdvisor,KayMarco,2026-07-31,,5,,,,"Tastiest meal in years! - I visited friends in Victoria and we went here for dinner on my last night. I travel all over the world and check out recommended restaurants and this was the best meal I can remember! I had the Tonno and it was fresh, flavorful and fabulous! They also had a  good selection of wines by the glass.

In the beginning it took a while for our waiter to notice us but once he did all was good!",
TripAdvisor,Jenny0401,2026-07-31,,5,,,,"Beautiful Ambience, Food and Seervice - We arrived without a booking, put o the waitlist like so many diners. We received a text message when our table was ready, it didn’t take long. Our server, Jack, was so nice. He was friendly and informative. The menu, it took us ages to work out what we wanted. There were so many good things to choose from. We were delivered bread with an olive tempande. It was beautiful, bread was warm…yummy. Drinks we ordered 2 glasses of Bohemian Cabernet. Wine was delicious. 
Food we ordered Pollo Appollonia and the Carbonara. The Carbonara was very different, it had a lemon zest, which gave it the tanginess to the sauce and beef slices on top. It was a unique flavour, but very good. The chicken was amazing. It was on spiral pasta, came with roasted beetroot, carrots & broccolini. The chicken was tender, a few scallops scattered, but the sauce was amazing. 
This is one restaurant I highly recommend",
TripAdvisor,lisanigh,2026-07-31,,5,,,,"What an incredible dining experience! From the fresh Caprese salad to the outstanding pasta dishes… - What an incredible dining experience! From the fresh Caprese salad to the outstanding pasta dishes, every bite was exceptional. The ambiance transports you to a quaint little restaurant tucked away in a small Italian village, with its warm courtyard and inviting atmosphere. Learning about the restaurant’s history made the evening even more memorable. The service was attentive, friendly, and top-notch from start to finish. If you’re visiting Victoria, Il Terrazzo is an absolute must. We had a fantastic evening and can’t wait to return!",
TripAdvisor,benddragon,2026-07-31,,5,,,,"Good Location, Good Food, and Good Service.   What Else do You Need? - Once again,,,, the best restaurant in Victoria.  We come here every year and always eat at IL terrazo at least once.  The food is great, the atmosphere is great and the staff is made up of real professionals!
The seafood linguini is super, with mussels, fish, clams, etc,  My wife had the halibut and it was prepared perfectly.  
TRY IT, YOU WILL LIKE IT!",
